[
    {
      "id": 1,
      "companyName": "Linear company",
      "jobTitle": "Software Engineer",
      "companyLogo": "/images/Linear.png",
      "minPrice": "20",
      "maxPrice": "30k",
      "salaryType": "Yearly",
      "jobLocation": "Bangalore",
      "postingDate": "2024-07-30",
      "experienceLevel": "Any experience",
      "employmentType": "Full-time",
      "description": "Mollit in laborum tempor Lorem incididunt irure. Aute eu ex ad sunt. Pariatur sint culpa do incididunt eiusmod eiusmod culpa. laborum tempor Lorem incididunt."
    },
    {
      "id": 2,
      "companyName": "Notion",
      "jobTitle": "Web Developer",
      "companyLogo": "/images/Notion.png",
      "minPrice": "40",
      "maxPrice": "50k",
      "salaryType": "Yearly",
      "jobLocation": "Pune",
      "postingDate": "2024-08-18",
      "experienceLevel": "Internship",
      "employmentType": "Temporary",
      "description": "Mollit in laborum tempor Lorem incididunt irure. Aute eu ex ad sunt. Pariatur sint culpa do incididunt eiusmod eiusmod culpa. laborum tempor Lorem incididunt."
    },
    {
      "id": 3,
      "companyName": "Spline studio",
      "jobTitle": "Data Scientist",
      "companyLogo": "/images/Spline.png",
      "minPrice": "40",
      "maxPrice": "50k",
      "salaryType": "Yearly",
      "jobLocation": "Pune",
      "postingDate": "2024-08-15",
      "experienceLevel": "Any experience",
      "employmentType": "Full-time", 
      "description": "Mollit in laborum tempor Lorem incididunt irure. Aute eu ex ad sunt. Pariatur sint culpa do incididunt eiusmod eiusmod culpa. laborum tempor Lorem incididunt."
    },
    {
      "id": 4,
      "companyName": "Raycast corp",
      "jobTitle": "UI/UX Designer",
      "companyLogo": "/images/Raycast.png",
      "minPrice": "40",
      "maxPrice": "50k",
      "salaryType": "Monthly",
      "jobLocation": "Hyderabad",
      "postingDate": "2024-01-05",
      "experienceLevel": "Work remotely",
      "employmentType": "Part-time",
      "description": "Mollit in laborum tempor Lorem incididunt irure. Aute eu ex ad sunt. Pariatur sint culpa do incididunt eiusmod eiusmod culpa. laborum tempor Lorem incididunt."
    },
    {
      "id": 5,
      "companyName": "Loom",
      "jobTitle": "Frontend Developer",
      "companyLogo": "/images/Loom.png",
      "minPrice": "50",
      "maxPrice": "75k",
      "salaryType": "Monthly",
      "jobLocation": "Hyderabad",
      "postingDate": "2024-07-21",
      "experienceLevel": "Intership",
      "employmentType": "Full-time",
      "description": "Mollit in laborum tempor Lorem incididunt irure. Aute eu ex ad sunt. Pariatur sint culpa do incididunt eiusmod eiusmod culpa. laborum tempor Lorem incididunt."
    },
    {
      "id": 6,
      "companyName": "Trainline group",
      "jobTitle": "DevOps Engineer",
      "companyLogo": "/images/Trainline.png",
      "minPrice": "80",
      "maxPrice": "120k",
      "salaryType": "Yearly",
      "jobLocation": "Delhi",
      "postingDate": "2024-07-05",
      "experienceLevel": "Intership",
      "employmentType": "Temporary",
      "description": "Mollit in laborum tempor Lorem incididunt irure. Aute eu ex ad sunt. Pariatur sint culpa do incididunt eiusmod eiusmod culpa. laborum tempor Lorem incididunt."
    },
    {
      "id": 1,
      "companyName": "Linear company",
      "jobTitle": "Software Engineer",
      "companyLogo": "/images/Linear.png",
      "minPrice": "30",
      "maxPrice": "80k",
      "salaryType": "Yearly",
      "jobLocation": "Bangalore",
      "postingDate": "2024-03-30",
      "experienceLevel": "Any experience",
      "employmentType": "Full-time",
      "description": "Mollit in laborum tempor Lorem incididunt irure. Aute eu ex ad sunt. Pariatur sint culpa do incididunt eiusmod eiusmod culpa. laborum tempor Lorem incididunt."
    },
    {
      "id": 2,
      "companyName": "Notion",
      "jobTitle": "Web Developer",
      "companyLogo": "/images/Notion.png",
      "minPrice": "40",
      "maxPrice": "50k",
      "salaryType": "Yearly",
      "jobLocation": "Chennai",
      "postingDate": "2024-03-18",
      "experienceLevel": "Internship",
      "employmentType": "Temporary",
      "description": "Mollit in laborum tempor Lorem incididunt irure. Aute eu ex ad sunt. Pariatur sint culpa do incididunt eiusmod eiusmod culpa. laborum tempor Lorem incididunt."
    },
    {
      "id": 3,
      "companyName": "Spline studio",
      "jobTitle": "Data Scientist",
      "companyLogo": "/images/Spline.png",
      "minPrice": "40",
      "maxPrice": "50k",
      "salaryType": "Yearly",
      "jobLocation": "Pune",
      "postingDate": "2024-03-15",
      "experienceLevel": "Any experience",
      "employmentType": "Full-time", 
      "description": "Mollit in laborum tempor Lorem incididunt irure. Aute eu ex ad sunt. Pariatur sint culpa do incididunt eiusmod eiusmod culpa. laborum tempor Lorem incididunt."
    },
    {
      "id": 4,
      "companyName": "Raycast corp",
      "jobTitle": "UI/UX Designer",
      "companyLogo": "/images/Raycast.png",
      "minPrice": "40",
      "maxPrice": "50k",
      "salaryType": "Monthly",
      "jobLocation": "Hyderabad",
      "postingDate": "2024-03-05",
      "experienceLevel": "Work remotely",
      "employmentType": "Part-time",
      "description": "Mollit in laborum tempor Lorem incididunt irure. Aute eu ex ad sunt. Pariatur sint culpa do incididunt eiusmod eiusmod culpa. laborum tempor Lorem incididunt."
    },
    {
      "id": 5,
      "companyName": "Loom",
      "jobTitle": "Frontend Developer",
      "companyLogo": "/images/Loom.png",
      "minPrice": "50",
      "maxPrice": "75k",
      "salaryType": "Yearly",
      "jobLocation": "Hyderabad",
      "postingDate": "2024-03-21",
      "experienceLevel": "Intership",
      "employmentType": "Full-time",
      "description": "Mollit in laborum tempor Lorem incididunt irure. Aute eu ex ad sunt. Pariatur sint culpa do incididunt eiusmod eiusmod culpa. laborum tempor Lorem incididunt."
    },
    {
      "id": 6,
      "companyName": "Trainline group",
      "jobTitle": "DevOps Engineer",
      "companyLogo": "/images/Trainline.png",
      "minPrice": "80",
      "maxPrice": "120k",
      "salaryType": "Yearly",
      "jobLocation": "Delhi",
      "postingDate": "2024-03-05",
      "experienceLevel": "Intership",
      "employmentType": "Temporary",
      "description": "Mollit in laborum tempor Lorem incididunt irure. Aute eu ex ad sunt. Pariatur sint culpa do incididunt eiusmod eiusmod culpa. laborum tempor Lorem incididunt."
    }
  ]
  