[
    {
        "id": 1,
        "title": "Warehouse Associate",
        "salary": "Average Salary ₹34,331 per year",
        "status": "Job Openings",
        "skills": "Skills"
    },
    {
        "id": 2,
        "title": "Backend Developer",
        "salary": "Average Salary ₹46,052 per year",
        "status": "Job Openings",
        "skills": "Skills"
    },
    {
        "id": 3,
        "title": "Front Desk Agent",
        "salary": "Average Salary ₹43,402 per year",
        "status": "Job Openings",
        "skills": "Skills"
    },
    {
        "id": 4,
        "title": "Crew Member",
        "salary": "Average Salary ₹44,781 per year",
        "status": "Job Openings",
        "skills": "Skills"
    },
    {
        "id": 5,
        "title": "Software Engineer",
        "salary": "Average Salary ₹102,781 per year",
        "status": "Job Openings",
        "skills": "Skills"
    },
    {
        "id": 6,
        "title": "App Developer",
        "salary": "Average Salary ₹92,781 per year",
        "status": "Job Openings",
        "skills": "Skills"
    },
    {
        "id": 7,
        "title": "UI/UX Designer",
        "salary": "Average Salary ₹108,781 per year",
        "status": "Job Openings",
        "skills": "Skills"
    },
    {
        "id": 8,
        "title": "Web Developer",
        "salary": "Average Salary ₹88,601 per year",
        "status": "Job Openings",
        "skills": "Skills"
    },
    {
        "id": 9,
        "title": "Full Stack Developer",
        "salary": "Average Salary ₹88,601 per year",
        "status": "Job Openings",
        "skills": "Skills"
    }
]